iteration,Average_Score
1,0.28095238095238095
2,0.28228571428571425
3,0.3754285714285714
4,0.24190476190476193
